{
  "Peque\u00f1a": {
    "total_structures": 6624,
    "excellent_percentage": 0.015096618357487922,
    "good_plus_percentage": 0.4830917874396135,
    "mean_all_atom_rmsd": 43.41288278807622,
    "mean_ramachandran": 79.05988109166788
  },
  "Pre-Sweet": {
    "total_structures": 2982,
    "excellent_percentage": 0.670690811535882,
    "good_plus_percentage": 7.813547954393024,
    "mean_all_atom_rmsd": 42.82508010846724,
    "mean_ramachandran": 81.28181622658016
  },
  "Sweet Spot": {
    "total_structures": 1988,
    "excellent_percentage": 42.6559356136821,
    "good_plus_percentage": 81.7907444668008,
    "mean_all_atom_rmsd": 19.889157204297955,
    "mean_ramachandran": 91.06782468735298
  },
  "Post-Sweet": {
    "total_structures": 2443,
    "excellent_percentage": 0.6958657388456815,
    "good_plus_percentage": 6.713057715923046,
    "mean_all_atom_rmsd": 39.570777676894124,
    "mean_ramachandran": 81.29978796162277
  },
  "Grande": {
    "total_structures": 274,
    "excellent_percentage": 1.094890510948905,
    "good_plus_percentage": 5.474452554744526,
    "mean_all_atom_rmsd": 42.22943542903545,
    "mean_ramachandran": 81.54753215707608
  }
}