atom_type,sweet_spot_rmsd,others_rmsd,improvement_factor
Carbon,17.94730150681672,38.21820744501967,2.129468178294307
Nitrogen,19.806313390533383,42.4714765926758,2.1443403300371613
Oxygen,21.88968048949802,46.70130594171597,2.1334850439741135
Sulfur,23.95623168428594,50.88724418736329,2.1241756574237307
