size_category,Pobre Atómica,Moderada Atómica,Buena Atómica,Excelente Atómica
Pequeña,91.33454106280193,8.182367149758454,0.4679951690821256,0.015096618357487922
Pre-Sweet,56.70690811535882,35.479543930248155,7.142857142857142,0.670690811535882
Sweet Spot,1.9114688128772637,16.297786720321934,39.13480885311871,42.6559356136821
Post-Sweet,59.6807204257061,33.60622185837086,6.017191977077363,0.6958657388456815
Grande,58.02919708029197,36.496350364963504,4.37956204379562,1.094890510948905
